,Block,Plot,Size,Alliaria_petiolata,Aruncus_dioicus,Asclepias_syriaca,Asclepias_tuberosa,Barbarea_vulgaris,Berteroa_incana,Boehmeria_cylindrica,Bromus_inermis,Calystegia_sepium,Cerastium_fontanum,Cirsium_arvense,Cirsium_vulgare,Coreopsis_lanceolata,Coreopsis_tripteris,Dactylis_glomerata,Daucus_carota,Desmodium_canadense,Desmodium_illinoense,Dianthus_armeria,Elymus_repens,Epilobium_coloratum,Erigeron_annuus,Erigeron_canadensis,Erigeron_philadelphicus,Euthamia_graminifolia,Festuca_rubra,Galium_aparine,Hieracium_caespitosum,Hypericum_perforatum,Lactuca_seriola,Leonurus_cardiaca,Leucanthemum_vulgare,Linaria_vulgaris,Liparis_loeselii,Medicago_lupulina,Monarda_fistulosa,Monarda_punctata,Oenothera_biennis,Oxalis_stricta,Panicum_capillare,Parthenocissus_quinquefolia,Phleum_pratense,Plantago_lanceolata,Plantago_major,Potentilla_recta,Ranunculus_acris,Ratibida_pinnata,Rudbeckia_hirta,Scrophularia_lanceolata,Silene_latifolia,Silene_vulgaris,Solidago_canadensis,Solidago_nemoralis,Solidago_rigida,Sonchus_arvensis,Stellaria_media,Symphyotrichum_ericoides,Symphyotrichum_lateriflorum,Symphyotrichum_novae-angliae,Symphyotrichum_pilosum,Taraxacum_officinale,Tragopogon_dubius,Verbascum_thapsus,Verbena_stricta,Veronica_arvensis
1,1,1,0.5,0,0,0,0,0,0,0,25,0,0,0,0,0,0,0,3,0,0,2,0,0,0,0,0,0,0,0,0,0,0,0,0,22,0,0,4,0,0,0,0,0,0,0,0,0,0,0,0,0,0,0,26,0,0,0,1,0,0,0,0,0,0,0,0,0
2,1,1,1,0,0,0,1,0,0,0,20,0,0,0,0,0,1,0,1,0,4,0,0,0,0,0,0,0,480,0,0,0,0,0,0,7,0,0,0,0,0,0,0,0,0,0,0,0,0,2,0,0,0,0,65,3,0,0,0,0,0,56,0,3,0,0,0,0
3,1,1,2,0,0,0,0,2,0,0,400,0,0,0,0,0,0,0,5,0,2,0,0,0,0,0,0,5,240,0,0,0,0,0,0,52,0,0,161,0,1,0,0,0,0,0,0,2,0,0,0,0,0,0,87,0,0,0,2,0,0,24,0,3,0,0,0,0
4,1,2,0.5,0,0,0,0,9,0,0,1,0,0,0,0,0,10,0,0,0,0,2,0,0,0,0,0,0,30,0,0,0,0,0,0,12,0,0,0,0,0,0,0,0,0,0,0,0,0,0,0,0,0,0,17,1,0,0,0,0,0,15,0,0,0,0,0,0
5,1,2,1,0,0,0,0,0,0,0,160,0,0,0,0,0,0,0,0,0,0,0,0,0,0,0,0,0,180,0,0,0,0,0,0,23,0,0,1,0,0,0,0,0,0,0,0,0,0,0,0,0,0,0,0,0,0,0,0,0,0,0,0,0,0,0,0,0
6,1,2,2,0,0,1,0,0,0,0,400,0,0,0,0,0,0,0,34,0,0,0,0,0,0,0,0,0,480,0,0,0,0,0,0,36,0,0,0,0,0,0,0,0,0,0,0,0,0,47,0,0,0,0,57,2,0,0,1,0,0,0,0,5,0,0,0,3
7,1,3,0.5,0,0,0,0,0,0,0,6,0,0,0,0,0,0,0,0,0,0,0,0,0,0,0,0,0,75,0,0,0,0,0,0,2,0,0,56,0,0,0,0,0,0,0,0,0,0,0,0,0,0,0,23,0,0,0,0,0,0,0,0,3,0,0,0,0
8,1,3,1,0,0,0,0,1,0,0,60,0,0,0,0,0,2,0,0,0,0,0,0,0,0,0,0,0,300,0,0,0,0,0,0,12,0,0,3,0,0,0,0,0,0,0,0,0,0,0,0,0,0,0,43,0,3,0,0,1,0,15,0,1,1,0,0,0
9,1,3,2,0,0,0,0,0,0,0,160,0,0,0,0,0,32,0,0,0,0,0,0,0,1,0,0,2,1680,0,0,0,0,0,0,6,0,0,17,0,0,0,0,0,0,0,0,0,0,79,0,0,0,0,137,15,0,0,0,1,0,4,0,0,0,0,0,0
10,1,4,0.5,0,0,0,0,0,0,0,25,0,0,0,0,0,0,0,7,0,0,0,0,0,0,0,0,0,105,0,0,0,0,0,0,7,0,0,9,0,0,0,0,0,0,0,0,0,0,1,0,0,0,0,0,0,0,0,0,1,0,0,0,0,0,1,0,8
11,1,4,1,0,0,0,1,0,0,0,60,0,0,0,0,0,0,0,0,0,0,0,0,0,0,0,0,0,180,0,0,0,0,0,0,20,0,0,3,0,0,0,0,0,0,0,0,0,0,7,0,0,0,0,42,0,0,0,0,0,0,1,0,1,0,0,0,0
12,1,4,2,0,0,0,0,8,0,0,320,0,0,0,0,0,0,0,0,0,0,0,0,0,0,0,0,4,240,0,0,0,0,0,0,21,0,0,93,0,0,0,0,0,0,0,0,0,0,0,0,1,0,0,0,0,0,0,0,0,0,16,0,0,0,0,0,0
13,1,5,0.5,0,0,0,0,0,0,0,65,0,0,0,0,0,0,0,0,0,0,0,0,0,0,0,0,0,0,0,0,0,0,0,0,0,0,0,0,0,0,0,0,0,0,0,0,0,0,0,0,0,0,0,0,0,0,0,0,0,0,0,0,0,0,0,0,3
14,1,5,1,0,0,0,0,0,0,0,120,0,0,0,0,0,0,0,2,0,0,0,0,0,0,0,0,0,300,0,0,0,0,0,0,47,0,0,11,0,0,0,0,0,0,0,0,0,0,0,0,0,0,0,36,3,0,0,0,0,0,1,0,0,0,0,0,1
15,1,6,0.5,0,0,0,0,0,0,0,20,0,0,0,0,0,0,0,1,0,0,0,0,0,0,0,0,0,180,0,0,0,0,0,0,2,0,0,10,0,0,0,0,2,0,0,0,0,0,0,0,0,0,0,6,0,0,0,0,0,0,0,0,0,0,0,0,0
16,1,6,1,0,0,1,0,1,0,0,40,0,0,0,0,0,0,0,0,0,0,0,0,0,0,0,0,0,84,0,0,0,0,0,0,15,0,0,49,0,0,0,0,0,0,0,0,0,0,0,0,0,0,0,0,0,3,0,0,0,0,27,0,1,0,0,0,0
17,1,7,0.5,0,0,0,0,0,0,0,45,0,0,0,0,0,0,0,0,0,0,0,0,0,0,0,0,0,30,0,0,2,0,0,0,0,0,0,0,0,0,0,0,0,0,0,0,0,0,0,0,0,0,0,18,0,0,0,0,0,0,0,0,0,0,0,0,0
18,1,7,1,0,0,1,0,7,0,0,148,0,0,0,0,0,0,0,0,0,0,0,0,0,0,0,0,0,60,0,0,0,0,2,0,11,0,0,29,0,0,0,0,0,0,0,0,1,0,0,0,0,0,0,10,0,0,0,0,0,0,0,0,1,0,1,0,0
19,1,8,0.5,0,0,0,0,0,0,0,4,0,0,0,0,0,0,0,0,0,0,0,0,0,0,0,0,0,90,0,0,0,0,0,0,0,0,0,0,0,0,0,0,0,0,0,0,0,0,0,0,0,0,0,29,1,0,0,0,0,0,7,0,0,0,0,0,0
20,1,8,1,0,0,0,0,0,0,61,12,0,0,0,0,0,28,0,0,0,0,0,0,0,0,0,0,0,360,0,0,0,0,0,0,22,0,0,0,0,0,0,0,0,0,0,0,0,0,14,0,0,0,0,58,0,0,0,0,0,0,1,0,2,0,0,0,0
21,2,1,0.5,0,0,0,0,0,0,0,30,0,0,0,0,0,0,0,0,0,0,0,0,0,0,0,0,0,3,0,0,0,0,0,0,0,0,0,50,0,0,0,0,0,0,0,0,0,0,0,0,0,0,0,78,0,0,1,0,0,0,0,0,1,0,0,0,0
22,2,1,1,0,0,0,0,0,0,2,16,1,0,0,0,0,0,0,6,0,0,0,0,0,0,0,0,0,60,43,0,0,0,0,0,0,0,3,37,0,0,0,0,0,0,0,0,0,0,0,0,0,0,0,58,0,0,0,0,1,0,3,0,2,0,0,0,0
23,2,1,2,0,0,0,0,39,0,0,240,0,0,0,0,0,0,0,17,0,0,0,0,0,0,0,0,0,336,38,22,0,0,0,0,0,0,2,92,0,0,0,0,0,0,0,0,0,0,0,0,0,0,0,119,21,0,0,0,1,0,13,0,8,0,0,6,3
24,2,2,0.5,0,0,0,0,0,0,0,2,0,0,0,0,0,0,0,3,0,0,0,0,0,0,0,0,0,21,0,0,0,0,0,0,0,0,0,0,0,0,0,0,0,0,0,0,0,0,40,0,0,0,0,0,0,20,0,0,0,0,3,0,1,0,0,0,0
25,2,2,1,0,0,2,0,0,0,0,0,9,0,0,0,0,50,0,17,0,0,0,0,0,0,0,0,0,84,10,0,0,0,0,0,0,0,1,4,0,0,1,0,0,0,0,0,0,0,24,0,0,0,0,74,7,0,0,0,6,0,7,0,2,0,0,0,1
26,2,2,2,3,0,0,0,0,15,0,0,12,0,0,0,0,0,0,17,0,0,0,0,0,0,0,0,0,240,49,0,4,0,0,0,0,0,36,87,0,0,0,0,0,0,0,0,0,0,0,0,0,0,0,98,26,0,0,1,67,0,20,0,4,0,0,0,4
27,2,3,0.5,0,0,0,0,0,0,0,0,0,0,0,0,0,0,0,2,0,0,0,0,0,0,0,0,0,9,0,0,0,0,0,0,0,0,0,69,0,0,0,0,0,0,0,0,0,0,0,0,0,0,0,15,4,0,0,0,0,0,0,0,0,0,0,0,0
28,2,3,1,0,0,4,0,0,0,0,8,2,0,0,0,0,155,0,0,0,0,0,0,0,0,0,0,0,60,8,0,0,0,0,0,0,4,8,2,0,0,2,0,0,0,0,0,0,0,0,0,0,0,0,68,2,0,0,0,0,0,14,0,2,0,0,0,0
29,2,3,2,0,0,0,0,0,0,0,320,2,0,0,0,0,21,0,3,0,0,0,0,0,0,0,0,0,480,0,0,0,0,0,0,2,0,0,5,0,0,0,0,0,0,0,0,0,0,22,0,0,0,0,94,10,0,0,2,0,0,17,0,3,0,0,0,0
30,2,4,0.5,0,0,0,0,0,0,0,1,6,0,0,0,0,0,0,5,0,0,0,0,0,0,0,0,0,15,0,0,0,0,0,0,0,0,0,3,0,0,0,0,0,0,0,0,0,0,0,0,0,0,0,0,0,0,0,0,33,0,0,0,0,0,0,0,4
31,2,4,1,0,0,0,0,0,0,0,0,0,0,0,0,0,24,0,11,0,0,0,0,0,0,0,0,0,24,42,0,0,0,0,0,5,0,6,8,0,0,0,0,0,0,0,0,0,0,0,0,0,0,0,112,5,0,0,0,0,0,0,0,1,0,0,0,4
32,2,4,2,0,0,2,0,0,0,0,32,9,0,0,0,0,11,0,0,0,0,0,0,0,0,0,0,0,720,0,0,0,0,0,0,5,0,1,9,0,0,0,0,1,0,0,0,0,0,5,0,0,0,0,73,82,0,0,0,55,0,14,0,8,0,0,0,0
33,2,5,0.5,0,0,0,0,0,0,0,5,14,0,0,0,0,0,0,54,0,0,0,0,0,0,0,0,0,6,0,0,0,0,0,0,0,0,0,79,0,0,0,0,0,0,0,0,0,0,0,0,0,0,0,0,0,0,0,0,7,0,0,0,0,0,0,0,0
34,2,5,1,0,0,0,0,0,0,0,12,0,0,0,0,0,0,0,0,0,30,0,0,0,0,0,0,1,84,0,0,0,0,0,0,0,0,1,0,0,0,0,0,0,0,0,0,0,0,0,0,0,0,0,62,0,0,4,0,0,0,9,0,2,0,0,0,0
35,2,6,0.5,0,0,0,0,0,4,0,75,2,0,0,0,0,0,0,1,0,0,0,0,0,0,0,0,0,24,0,0,0,0,0,0,0,0,0,0,0,0,0,0,0,0,0,0,0,0,0,0,0,0,0,24,2,0,0,0,0,0,0,0,2,0,0,0,0
36,2,6,1,0,0,0,0,0,0,0,2,0,0,0,0,0,0,0,18,0,4,0,0,0,0,0,0,0,36,23,0,0,0,0,0,0,0,13,71,0,0,0,0,0,0,0,0,1,0,0,0,0,0,0,120,8,0,0,0,0,0,5,0,3,0,0,0,0
37,2,7,0.5,4,0,0,0,0,0,0,3,2,0,0,0,0,0,0,58,0,0,0,0,0,0,0,0,0,30,0,0,0,0,0,0,0,0,0,0,0,0,0,0,0,0,0,0,0,0,0,0,0,0,0,33,2,0,0,0,0,0,0,0,1,0,0,0,0
38,2,7,1,0,0,0,0,0,0,0,20,0,0,0,0,0,0,0,1,0,26,0,0,0,0,0,0,0,60,0,0,0,0,0,0,0,0,0,2,0,0,0,0,0,0,0,0,0,0,0,0,0,0,0,57,18,0,2,1,0,0,2,0,2,0,0,0,0
39,2,8,0.5,0,0,0,0,0,0,0,25,0,0,0,0,0,0,0,0,0,0,0,0,0,0,0,0,0,9,0,0,0,0,0,0,0,0,0,37,0,0,0,0,0,0,0,0,0,0,0,0,0,0,0,21,2,0,0,0,0,0,0,0,0,0,0,0,0
40,2,8,1,0,0,1,0,0,0,0,20,0,0,0,0,0,9,0,24,0,0,0,0,0,0,0,0,2,24,1,0,4,0,0,0,1,0,33,21,0,0,0,0,0,0,0,0,0,0,39,0,0,0,0,0,51,0,0,2,0,0,10,0,0,0,0,0,0
41,3,1,0.5,0,0,0,0,0,0,0,1,0,0,0,0,0,0,0,0,0,0,0,0,0,0,0,0,0,15,0,0,0,0,0,0,0,0,0,49,0,0,0,0,0,0,0,0,0,0,0,0,0,0,0,21,0,0,0,0,0,0,0,0,0,0,0,0,0
42,3,1,1,0,0,0,0,0,0,0,2,0,0,0,0,0,1,0,12,0,0,0,0,0,0,0,0,0,120,0,0,0,0,0,0,0,0,0,3,2,0,0,0,0,0,0,0,0,0,0,0,0,0,0,62,11,0,0,0,0,0,7,0,0,0,0,0,0
43,3,1,2,0,0,0,0,0,0,0,320,0,0,0,0,0,0,0,0,0,0,0,0,0,0,0,0,2,240,1,0,0,0,0,0,0,0,0,0,0,0,0,0,0,0,0,0,0,0,27,0,0,0,0,48,31,0,12,0,4,0,3,0,4,0,0,0,0
44,3,2,0.5,0,0,0,2,0,0,0,5,0,0,0,0,0,0,0,0,0,0,0,0,0,0,0,0,0,9,0,0,0,0,0,0,0,0,0,0,0,0,0,0,0,0,0,0,0,0,0,0,0,0,0,3,42,0,0,0,0,0,0,0,0,0,0,0,0
45,3,2,1,0,0,0,0,0,0,0,2,0,0,0,0,1,0,0,19,0,0,0,0,0,0,0,0,0,120,0,0,0,0,0,0,0,0,0,0,0,0,0,0,0,0,0,0,0,0,0,0,0,0,0,44,33,0,0,0,0,0,18,0,0,0,0,0,0
46,3,2,2,0,0,0,0,0,0,0,80,5,0,0,0,0,0,0,8,0,0,0,0,0,0,1,0,4,480,0,0,0,0,0,0,0,0,2,58,0,2,3,0,0,0,0,0,0,0,0,0,0,0,2,125,21,0,0,0,0,4,15,0,1,0,2,0,0
47,3,3,0.5,0,0,0,0,0,0,0,0,2,0,0,0,0,0,0,2,0,0,0,0,0,0,0,0,0,15,0,0,0,0,0,0,0,0,0,5,0,0,0,0,0,0,0,0,0,0,0,0,0,0,0,13,6,0,0,0,0,0,10,0,1,0,0,0,0
48,3,3,1,0,0,0,0,0,0,0,2,0,0,0,0,0,0,0,9,0,0,0,0,0,0,0,0,0,120,0,0,0,2,0,0,0,0,0,5,0,0,0,0,0,0,0,0,0,0,0,0,0,0,0,42,25,0,2,1,11,0,5,0,1,0,1,0,0
49,3,3,2,0,0,0,0,0,0,0,80,0,0,0,0,0,0,0,0,0,0,0,0,0,0,0,0,0,240,0,0,0,0,0,0,0,0,0,0,0,0,0,0,0,0,0,0,0,0,5,0,0,0,0,38,108,0,7,0,4,0,12,0,14,0,0,0,0
50,3,4,0.5,0,0,0,0,0,0,0,1,1,0,0,0,0,0,0,10,0,0,0,0,0,0,0,0,0,0,0,0,0,0,0,0,0,0,0,49,0,0,0,0,0,0,0,0,0,0,0,0,0,0,0,18,2,0,0,0,0,0,0,0,0,0,0,0,0
51,3,4,1,0,0,1,0,0,0,0,0,0,0,0,0,0,0,0,12,0,0,0,0,0,0,0,0,0,240,0,8,0,0,0,0,0,0,3,8,0,0,0,0,0,0,0,0,0,0,0,0,0,0,0,48,6,0,0,1,5,0,16,0,0,0,0,0,0
52,3,4,2,0,0,0,0,0,0,0,0,69,0,0,0,0,0,0,6,0,0,0,32,0,0,0,0,0,96,4,0,0,0,0,0,0,0,2,91,0,0,0,0,0,0,0,0,0,0,0,0,0,0,0,63,77,0,2,0,3,0,16,0,3,0,0,0,0
53,3,5,0.5,0,0,0,1,0,0,0,20,5,0,0,0,0,0,0,0,0,0,0,0,0,0,0,0,0,2,0,0,0,0,0,0,0,0,0,0,0,0,0,0,0,0,0,0,0,0,0,0,0,0,0,16,1,0,0,0,0,0,0,0,0,0,0,0,0
54,3,5,1,0,0,0,0,3,0,0,4,1,0,0,0,0,0,0,10,0,0,0,0,0,0,0,0,0,60,0,0,0,0,0,0,0,0,0,26,0,0,0,0,0,0,0,0,0,0,0,0,0,0,0,27,23,0,0,0,0,0,12,0,2,0,1,0,0
55,3,6,0.5,0,0,0,0,1,0,0,1,2,0,0,0,0,0,0,0,0,0,0,0,0,0,0,0,0,0,0,0,0,0,0,0,0,0,0,27,0,0,0,0,0,0,0,0,0,0,0,0,0,0,0,51,1,0,0,0,0,0,0,0,0,0,0,0,0
56,3,6,1,0,0,0,0,0,0,0,0,0,0,0,0,0,0,0,4,0,0,0,0,0,0,0,0,0,120,0,0,0,0,0,0,0,0,0,1,0,0,0,0,0,0,0,0,1,0,0,0,0,0,0,55,17,0,0,0,0,0,2,0,0,0,0,0,0
57,3,7,0.5,0,0,0,0,0,2,0,1,19,0,0,0,0,0,0,4,0,0,0,0,0,0,0,0,0,6,0,0,0,0,0,0,0,0,0,0,0,0,0,0,0,0,0,0,0,0,0,0,0,0,0,33,0,0,0,0,0,0,0,0,1,0,0,0,0
58,3,7,1,0,0,1,0,0,0,0,20,0,0,0,0,0,0,0,16,0,0,0,0,0,0,0,0,0,60,0,0,0,0,0,0,0,1,0,28,0,0,0,0,0,0,0,0,0,0,0,0,0,0,0,0,80,0,9,0,3,0,1,0,0,0,0,0,0
59,3,8,0.5,0,0,0,0,0,0,0,1,12,0,0,0,0,0,0,0,0,0,0,0,0,0,0,0,0,0,0,0,0,0,0,0,0,0,0,0,0,0,0,0,0,0,0,0,0,0,0,0,0,0,0,55,0,0,0,0,0,0,0,0,0,0,0,0,0
60,3,8,1,0,0,0,0,0,0,0,2,0,0,0,0,0,0,0,15,0,1,0,0,0,0,0,0,0,84,0,0,0,0,0,0,0,0,0,4,0,0,0,0,0,0,0,0,0,0,0,0,0,0,0,23,57,0,0,0,15,0,14,0,0,0,0,0,0
61,4,1,0.5,0,0,0,0,0,0,0,0,5,0,0,0,0,0,0,0,0,0,0,0,0,0,0,0,0,3,0,0,0,0,0,0,0,0,0,63,0,0,0,0,0,0,0,0,0,0,0,0,0,0,0,22,15,0,0,0,0,0,0,0,1,0,0,0,0
62,4,1,1,0,0,0,0,0,0,0,2,17,0,1,0,0,0,0,8,0,16,0,0,0,0,0,0,0,12,0,0,0,0,0,0,0,0,0,0,0,0,0,0,0,0,0,0,0,0,0,0,0,0,0,14,46,0,0,0,1,0,0,0,1,0,0,0,0
63,4,1,2,0,0,0,0,0,0,0,8,63,0,1,0,0,0,0,1,0,0,0,32,0,0,0,0,6,144,4,0,0,0,0,0,0,0,0,70,0,0,0,0,0,0,0,0,0,0,0,0,0,0,0,24,98,0,0,0,0,0,3,0,3,0,0,0,4
64,4,2,0.5,0,0,0,0,0,0,0,0,12,0,0,0,0,43,0,0,0,0,0,0,0,0,0,0,0,0,1,0,0,0,0,0,0,0,0,0,0,0,0,0,0,0,0,0,0,0,0,0,0,0,0,2,8,0,0,0,0,0,0,0,0,0,0,0,0
65,4,2,1,0,0,0,0,0,0,0,4,6,0,0,0,0,3,0,14,0,0,0,0,0,0,0,0,0,6,0,0,0,0,0,0,0,0,0,0,0,0,0,0,0,0,0,0,0,0,32,0,0,0,0,24,38,0,0,0,0,0,1,0,2,0,1,0,0
66,4,2,2,0,0,0,0,0,0,0,320,55,0,0,0,0,0,0,2,0,1,0,0,0,0,0,0,0,48,0,0,0,0,0,0,0,0,0,76,0,0,0,0,0,0,0,0,0,0,0,0,0,0,0,130,17,0,0,0,4,0,23,0,0,0,0,0,0
67,4,3,0.5,0,0,0,0,0,0,0,0,1,0,0,0,0,21,0,0,0,0,0,0,0,0,0,0,0,15,0,0,0,0,0,0,0,0,0,3,0,0,0,0,0,0,0,0,0,0,0,0,0,0,0,16,8,0,0,0,0,0,1,0,1,0,0,0,0
68,4,3,1,0,0,0,0,0,0,0,20,48,0,0,0,0,0,0,0,0,0,0,0,0,0,0,0,0,12,0,0,0,0,0,0,0,0,0,63,0,0,0,0,0,0,0,0,0,0,0,0,0,0,0,40,19,0,0,0,0,0,11,0,2,0,0,0,0
69,4,3,2,0,0,0,0,0,0,0,0,100,0,0,0,0,0,0,0,0,0,0,0,0,0,0,0,0,0,0,0,0,0,0,0,0,0,4,0,0,0,0,0,0,0,0,0,0,0,29,0,0,0,0,79,49,0,0,0,59,0,0,0,5,0,0,0,6
70,4,4,0.5,0,0,0,0,0,0,0,1,0,0,0,0,0,0,0,1,0,0,0,0,0,0,0,0,0,6,0,0,0,0,0,0,0,0,0,18,0,0,0,0,0,0,0,0,0,0,0,0,0,0,0,25,12,0,0,0,1,0,2,0,1,0,0,0,0
71,4,4,1,0,0,0,0,0,0,0,12,15,0,0,0,0,0,0,0,0,0,0,0,0,0,0,0,0,12,0,0,0,0,0,0,0,0,8,0,0,0,0,0,0,0,0,0,0,0,0,0,0,0,0,62,8,0,0,0,0,0,16,0,1,0,0,0,27
72,4,4,2,0,0,0,0,0,0,0,160,74,0,0,0,0,73,0,0,0,0,0,0,0,0,0,0,0,240,15,0,0,0,0,0,0,0,24,0,0,0,0,0,0,0,0,0,0,0,2,0,0,0,0,141,7,0,0,0,0,0,0,0,1,0,0,0,0
73,4,5,0.5,0,0,0,0,0,0,0,0,4,0,0,0,0,0,0,0,0,0,0,0,0,0,0,0,0,3,0,0,0,0,0,0,0,0,3,0,0,0,0,0,0,0,0,0,0,0,0,0,0,0,0,45,0,0,0,0,0,0,0,0,1,0,0,0,0
74,4,5,1,0,0,0,0,0,0,0,0,45,0,0,0,0,0,0,0,0,0,0,0,0,0,0,0,0,12,0,0,0,0,0,0,0,0,0,0,0,0,0,0,0,0,0,0,0,0,0,0,0,0,0,35,18,0,0,0,8,0,4,0,2,0,0,0,0
75,4,6,0.5,0,0,0,0,0,0,0,0,3,0,0,0,0,0,0,0,0,0,0,0,0,0,0,0,0,12,0,0,0,0,0,0,0,0,0,0,0,0,0,0,0,0,0,0,0,0,26,0,0,0,0,49,0,0,0,0,0,0,1,0,0,0,0,0,0
76,4,6,1,0,0,0,0,0,0,0,0,29,0,0,0,0,0,0,7,0,0,0,0,0,0,0,0,0,0,1,0,0,0,0,0,0,0,0,24,0,0,0,0,0,0,0,0,0,0,0,0,0,0,0,49,8,0,0,0,0,0,53,0,2,0,0,0,0
77,4,7,0.5,0,0,0,0,0,0,0,0,3,0,0,0,0,48,0,13,0,0,0,0,0,0,0,0,0,15,0,0,0,0,0,0,1,0,0,0,0,0,0,0,0,0,0,0,0,0,0,0,0,0,0,18,0,0,0,2,0,0,0,0,0,0,0,0,0
78,4,7,1,0,0,0,0,0,0,0,0,64,0,0,0,0,0,0,0,0,26,0,0,0,0,0,0,0,12,1,0,0,0,0,0,0,0,5,1,0,0,0,0,0,0,0,0,0,0,0,0,0,0,0,52,29,0,0,0,0,0,0,0,2,0,0,0,0
79,4,8,0.5,0,0,0,0,0,0,0,10,2,0,0,0,0,0,0,2,0,0,0,0,0,0,0,0,0,15,0,0,0,0,0,0,0,0,0,0,0,0,0,0,0,0,0,0,0,0,0,0,0,0,0,29,6,0,0,0,0,0,3,0,6,0,0,0,0
80,4,8,1,0,0,0,0,0,0,0,0,12,0,0,0,0,0,0,0,0,0,0,0,0,0,0,0,0,60,0,0,0,0,0,0,0,0,0,0,0,0,0,0,0,0,0,0,0,0,0,0,0,0,0,47,21,0,0,0,0,0,2,0,3,0,0,0,0
81,5,1,0.5,0,0,0,0,0,0,0,0,0,0,0,0,0,0,0,0,0,0,0,0,0,0,0,0,0,2,0,0,0,0,0,0,0,0,0,0,0,0,0,0,0,0,0,0,0,0,0,0,0,0,0,0,95,0,0,0,0,0,0,0,0,0,0,0,1
82,5,1,1,18,0,0,0,0,0,0,0,0,0,0,0,0,0,0,0,0,4,0,0,0,0,0,0,0,36,0,0,0,0,16,0,0,0,0,10,0,0,3,0,0,0,0,0,0,0,0,0,0,0,0,79,0,0,0,1,0,0,0,0,1,0,0,0,3
83,5,1,2,1,0,7,0,0,0,0,0,0,0,0,0,0,0,0,0,0,12,0,0,0,0,0,0,0,144,35,0,0,0,0,0,0,0,8,21,0,0,0,0,0,0,0,0,0,0,0,0,0,0,0,103,8,0,0,3,3,0,12,0,8,0,0,0,10
84,5,2,0.5,1,0,0,0,0,0,0,0,6,0,0,0,0,0,0,0,0,0,0,0,0,0,0,0,0,2,0,0,0,0,0,0,0,0,0,0,0,0,0,0,0,0,0,0,0,0,0,0,0,0,0,25,24,0,0,0,0,0,0,0,0,0,0,0,0
85,5,2,1,0,0,0,0,0,0,0,0,11,0,0,0,0,0,0,0,0,0,0,0,0,0,0,0,0,12,0,0,0,0,0,0,0,0,9,0,0,0,5,0,0,0,0,0,0,0,0,0,0,0,0,85,10,0,0,0,0,0,0,0,1,0,0,0,9
86,5,2,2,0,0,0,0,0,0,0,8,86,0,4,0,0,0,0,0,0,2,0,0,0,0,0,0,0,24,0,0,0,0,0,0,0,0,16,14,0,0,2,0,0,0,0,0,0,0,0,0,10,0,0,149,0,0,0,0,0,0,16,0,0,0,0,0,0
87,5,3,0.5,0,0,0,0,0,0,0,20,1,0,0,0,0,0,0,0,0,0,0,0,0,0,0,0,0,2,0,0,0,0,0,0,0,0,0,0,0,0,0,0,0,0,0,0,0,0,0,0,0,0,0,23,14,0,0,0,0,0,0,0,4,0,0,0,0
88,5,3,1,0,0,0,0,0,0,0,0,6,0,0,0,0,108,0,0,0,0,0,0,0,0,0,0,0,0,0,0,0,0,0,0,0,0,0,4,0,0,0,0,0,0,0,0,0,0,0,0,0,0,0,57,0,0,0,2,0,0,0,0,6,0,0,0,0
89,5,3,2,0,0,0,0,0,0,0,160,13,0,0,0,0,39,0,2,0,0,0,0,0,0,0,0,0,0,0,0,0,0,0,0,0,0,0,3,0,0,1,0,0,0,0,0,0,0,0,0,0,0,0,119,0,0,1,3,0,0,4,0,5,0,0,0,1
90,5,4,0.5,0,0,0,0,0,0,0,0,4,0,0,0,0,0,0,0,0,0,0,0,0,0,0,0,0,3,0,0,0,0,0,0,0,0,1,0,0,0,0,0,0,0,0,0,0,0,5,0,0,0,0,13,21,0,0,0,0,0,9,0,3,0,0,0,0
91,5,4,1,0,0,0,0,0,0,0,0,11,0,1,0,0,0,0,0,0,0,0,0,0,0,0,0,0,60,0,0,0,0,0,0,0,0,0,0,0,0,4,0,0,0,0,0,0,0,0,0,0,0,0,69,4,0,0,7,0,0,2,0,5,0,0,0,49
92,5,4,2,0,0,2,0,0,5,0,8,56,0,0,0,0,0,0,0,0,0,0,64,0,0,0,0,4,96,4,0,0,0,0,0,0,0,17,2,0,0,2,0,0,0,0,0,0,0,3,0,0,0,0,116,0,0,0,0,0,0,38,0,6,0,0,0,15
93,5,5,0.5,0,0,0,0,0,0,0,10,16,0,0,0,0,0,0,0,0,0,0,0,0,0,0,0,0,15,0,0,0,0,0,0,0,0,0,16,0,0,0,0,0,0,0,0,0,0,0,0,0,0,0,22,25,0,0,0,0,0,0,0,0,0,0,0,0
94,5,5,1,0,0,0,0,0,0,0,2,3,0,0,0,0,0,0,0,0,0,0,0,0,0,0,0,0,6,0,0,0,0,0,0,0,0,2,0,0,0,2,0,0,0,0,0,0,0,7,0,0,0,0,61,4,0,0,2,0,0,2,0,4,0,0,0,49
95,5,6,0.5,0,0,0,0,1,0,0,0,4,0,0,0,0,16,0,0,0,0,0,0,0,0,0,0,0,3,0,0,0,0,0,0,0,0,0,0,0,0,0,0,0,0,0,0,0,17,0,0,0,0,0,25,3,0,0,0,0,0,11,0,2,0,0,0,2
96,5,6,1,6,0,3,0,0,0,0,0,6,0,0,0,0,0,0,0,0,4,0,0,0,0,0,0,0,0,0,0,0,0,0,0,0,0,0,20,0,0,0,0,0,0,0,0,0,0,0,0,0,0,0,25,27,0,0,4,0,0,9,0,0,0,0,0,25
97,5,7,0.5,0,0,0,0,0,0,0,1,6,0,0,0,0,0,0,3,0,7,0,0,0,0,0,0,0,0,0,0,0,0,0,0,0,0,1,0,0,0,0,0,0,0,0,0,0,0,0,0,0,0,0,16,4,0,0,0,0,0,34,0,0,0,0,0,0
98,5,7,1,0,0,0,0,0,0,0,2,0,0,0,0,0,0,0,1,0,0,0,0,0,0,0,0,0,6,23,3,0,0,0,0,0,0,0,0,0,0,0,0,0,0,0,0,0,0,0,0,0,0,0,28,10,0,0,0,0,0,0,0,2,0,0,0,15
99,5,8,0.5,0,0,0,0,0,0,0,20,7,0,0,0,0,0,0,0,0,2,0,0,0,0,0,0,0,0,0,0,0,0,0,0,0,0,0,39,0,0,0,0,0,0,0,0,0,0,0,0,0,0,0,21,0,0,0,0,0,0,0,0,0,0,0,0,0
100,5,8,1,0,0,1,0,0,0,0,0,0,0,0,0,0,0,0,0,0,0,0,0,0,0,0,0,0,0,0,0,0,0,0,0,0,0,0,3,0,0,0,0,0,0,0,0,0,0,0,0,0,0,0,31,27,0,0,0,3,0,3,0,1,0,0,0,2
101,6,1,0.5,0,0,0,0,0,0,0,0,1,0,0,0,0,0,0,0,0,1,0,0,0,0,0,0,0,0,2,0,0,0,0,0,0,0,0,0,0,0,0,0,0,0,0,0,0,0,0,0,0,0,0,8,33,0,0,0,0,0,0,0,0,0,0,0,0
102,6,1,1,0,0,0,0,0,0,0,2,1,0,0,0,0,0,0,0,0,0,0,0,0,0,0,0,0,6,13,0,0,0,0,0,0,0,0,4,0,0,1,0,0,0,0,0,0,0,0,0,0,0,0,57,0,0,0,5,1,0,0,0,8,0,0,0,10
103,6,1,2,3,0,0,0,0,0,0,0,8,0,0,0,0,0,0,0,0,0,0,0,0,0,0,0,0,0,3,0,0,0,0,0,0,0,0,0,0,0,0,0,0,0,0,0,0,0,6,0,0,0,0,94,49,0,2,4,39,0,0,0,18,0,0,0,0
104,6,2,0.5,0,0,0,0,0,0,0,0,0,0,0,0,0,32,0,0,0,0,0,0,0,0,0,0,0,0,0,0,0,0,0,0,0,0,0,0,0,0,0,0,0,0,0,0,0,0,0,0,0,0,0,4,26,0,0,8,0,0,0,0,6,0,0,0,3
105,6,2,1,0,0,0,0,1,0,0,4,0,0,0,3,0,0,0,0,0,0,0,0,0,0,0,0,0,12,0,0,0,0,0,0,0,0,0,0,0,0,0,0,0,0,0,0,0,0,0,0,0,0,0,115,0,0,0,11,6,0,0,0,7,0,0,0,18
106,6,2,2,5,0,0,0,0,0,0,0,0,0,0,0,0,0,0,0,0,0,0,0,0,0,0,0,0,24,0,0,0,0,0,0,0,0,0,71,0,0,0,0,0,0,0,0,0,0,4,0,0,0,0,107,0,0,0,0,0,0,24,0,4,0,0,0,3
107,6,3,0.5,0,0,0,0,0,0,0,1,0,0,0,0,0,0,0,0,0,0,0,0,0,0,0,0,0,0,0,0,0,0,0,0,0,0,0,129,0,0,0,0,0,0,0,0,0,0,0,0,1,0,0,0,14,0,0,0,0,0,0,0,1,0,0,0,0
108,6,3,1,0,0,0,0,0,0,0,0,2,0,0,0,0,12,0,0,0,0,0,0,0,0,0,0,0,6,2,0,0,0,0,0,0,0,0,7,0,0,0,0,0,0,0,0,0,0,3,0,0,0,0,45,26,0,0,2,2,0,0,0,8,0,0,0,2
109,6,3,2,0,0,0,0,0,0,0,0,26,0,0,0,0,1,0,2,0,0,0,0,0,0,0,0,0,0,15,0,0,0,0,0,0,0,0,0,0,0,0,0,0,0,0,0,0,0,0,0,0,0,0,98,4,0,0,0,67,0,9,0,17,0,0,0,4
110,6,4,0.5,0,0,0,0,1,0,0,0,1,0,0,0,0,0,0,0,0,0,0,0,0,0,0,0,0,2,0,0,0,0,0,0,0,0,0,15,0,0,0,0,0,0,0,0,0,0,0,0,0,0,0,2,15,0,0,0,0,0,0,0,1,0,0,0,3
111,6,4,1,0,0,0,0,1,0,0,4,0,0,0,0,0,0,0,0,0,0,0,0,0,0,0,0,0,0,0,0,0,0,0,0,0,0,0,0,0,0,0,0,0,0,0,0,0,0,0,0,0,0,0,70,0,0,0,9,5,0,16,0,4,0,0,0,10
112,6,4,2,0,0,0,0,0,0,0,0,0,0,0,0,0,0,0,0,0,0,0,0,0,0,0,0,16,24,19,0,0,0,0,0,0,0,0,55,0,0,0,0,0,0,0,0,0,0,0,0,0,13,0,78,14,0,0,0,0,0,63,0,10,0,0,0,32
113,6,5,0.5,0,0,0,0,0,0,0,1,0,0,0,0,0,0,0,0,0,0,0,0,0,0,0,0,0,30,0,0,0,0,0,0,0,0,0,0,0,0,0,0,0,0,0,0,0,0,84,0,0,0,0,19,1,0,0,0,0,0,0,0,0,0,0,0,0
114,6,5,1,4,0,0,0,0,0,0,4,0,0,0,1,0,0,0,0,0,0,0,0,0,0,0,0,0,0,0,0,0,0,0,0,0,0,0,73,0,0,0,0,0,0,0,0,0,0,0,0,0,0,0,56,0,0,0,0,0,0,4,0,5,0,0,0,16
115,6,6,0.5,0,0,0,0,0,0,0,0,0,0,0,0,0,0,0,0,0,0,0,0,0,0,0,0,0,0,0,0,0,0,0,0,0,0,0,23,0,0,0,0,0,0,0,0,0,0,0,0,0,0,0,32,1,0,0,0,0,0,0,0,4,0,0,0,0
116,6,6,1,0,0,0,0,2,0,0,0,0,0,0,2,0,0,0,0,0,0,0,0,0,0,0,0,0,0,0,0,0,0,0,0,0,0,0,1,0,0,0,0,0,0,0,0,0,0,33,0,0,0,0,73,8,0,1,1,0,0,13,0,4,0,0,0,22
117,6,7,0.5,0,0,0,0,0,0,0,0,0,0,0,0,0,0,0,0,0,0,0,0,0,0,0,0,0,15,0,0,0,0,0,0,0,0,0,51,0,0,0,0,0,0,0,0,0,0,0,0,0,0,0,15,3,0,0,0,0,0,0,0,3,0,0,0,0
118,6,7,1,0,0,0,0,0,0,0,2,8,0,0,0,0,70,0,0,0,0,0,0,0,0,0,9,0,0,19,0,0,0,0,0,0,0,0,0,0,0,0,0,0,0,0,0,0,0,0,0,0,0,0,36,0,0,0,2,0,0,3,0,11,0,0,0,2
119,6,8,0.5,0,0,0,0,0,0,0,0,0,0,0,0,0,0,0,0,0,0,0,0,0,0,0,0,0,3,0,0,0,0,0,0,0,0,0,0,0,0,0,0,0,0,0,0,0,0,0,0,0,0,0,27,0,0,0,0,0,0,0,0,11,0,0,0,0
120,6,8,1,0,0,0,0,1,0,2,0,0,0,0,0,0,0,0,0,0,0,0,0,0,0,0,0,0,6,20,0,0,0,0,0,0,0,0,7,0,0,0,0,0,0,0,0,0,0,1,0,0,0,0,77,0,0,0,0,0,0,0,0,5,0,0,0,30
121,7,1,0.5,0,0,0,0,2,0,0,0,0,0,0,0,0,0,0,0,0,0,0,0,0,0,0,0,0,0,0,0,0,0,0,0,0,0,0,0,0,0,0,0,0,0,0,0,0,0,4,0,0,0,0,58,11,0,0,0,0,0,0,0,1,0,0,0,0
122,7,1,1,3,0,0,0,0,0,0,0,2,0,0,0,0,0,0,0,0,0,0,0,0,0,0,0,0,0,0,0,0,0,0,0,0,0,0,2,0,0,0,0,0,0,0,0,0,0,0,0,0,0,0,116,0,0,2,7,0,0,3,0,10,0,0,0,14
123,7,1,2,0,0,1,0,3,0,0,16,29,0,0,0,1,35,0,20,0,0,0,0,0,0,0,0,0,24,27,0,0,0,7,0,0,0,0,21,0,0,0,0,0,0,0,0,0,0,12,0,0,0,0,96,0,0,1,5,31,0,0,0,15,0,0,0,28
124,7,2,0.5,0,0,0,0,1,0,0,0,2,0,0,0,0,0,0,1,0,0,0,0,0,0,0,0,0,0,0,0,0,0,0,0,0,0,0,27,0,0,0,0,0,0,0,0,0,0,0,0,0,0,0,49,6,0,0,0,5,0,0,0,3,0,0,0,0
125,7,2,1,0,0,0,0,0,0,0,2,5,0,0,0,0,0,0,0,0,0,0,0,0,0,0,0,0,0,2,4,0,0,0,0,0,0,0,95,0,0,0,0,0,0,0,0,0,0,0,0,0,0,0,93,14,0,0,3,0,0,0,0,5,0,0,0,18
126,7,2,2,0,0,0,0,0,0,0,0,27,0,0,0,0,0,0,0,0,0,0,0,0,0,0,0,0,48,10,0,0,0,0,0,0,0,0,16,0,1,0,0,0,1,0,0,0,0,0,0,0,0,0,136,8,0,0,0,15,0,0,40,19,0,0,0,0
127,7,3,0.5,0,0,0,0,0,0,0,5,0,0,0,0,0,0,0,0,0,0,0,0,0,0,0,0,0,0,0,0,0,0,0,0,0,0,0,97,0,0,0,0,0,0,0,0,0,0,0,0,0,0,0,9,17,0,0,0,0,0,0,0,0,0,0,0,0
128,7,3,1,0,0,2,0,0,0,0,0,11,0,0,0,3,0,0,0,0,1,0,0,0,0,0,0,0,0,0,1,0,0,0,0,0,0,0,0,0,0,1,0,0,0,0,0,0,0,0,0,0,0,0,123,5,0,0,6,8,0,0,0,1,0,0,0,1
129,7,3,2,0,0,10,0,3,0,20,0,28,0,0,0,0,0,0,3,0,8,0,0,0,4,0,0,0,24,0,0,0,0,0,0,0,0,0,134,0,0,1,0,0,0,0,0,0,0,0,0,0,0,0,94,0,0,0,12,0,0,9,0,21,0,0,0,8
130,7,4,0.5,0,0,0,0,0,0,0,0,3,0,0,0,0,0,0,1,0,0,0,0,0,0,0,0,0,2,0,0,0,0,0,0,0,0,0,0,0,0,1,0,0,0,0,0,0,0,0,0,0,0,0,45,16,0,0,0,0,0,0,0,1,0,0,3,0
131,7,4,1,0,0,0,0,0,0,0,12,10,0,0,0,3,0,0,0,0,0,0,0,0,0,0,0,0,6,0,0,1,0,0,0,0,0,1,0,0,0,0,0,0,0,0,0,0,0,0,0,0,0,0,71,6,0,0,13,0,0,3,0,11,0,0,0,4
132,7,4,2,0,0,0,0,0,0,0,0,29,0,0,0,0,0,0,0,0,0,0,0,0,0,0,0,0,24,39,0,0,0,0,0,0,0,0,74,0,3,6,0,0,0,0,0,0,0,0,0,0,0,0,127,0,0,0,11,0,0,19,0,4,0,0,0,12
133,7,5,0.5,0,0,0,0,0,0,0,1,0,0,0,0,0,0,0,0,0,0,0,0,0,0,0,0,0,2,0,0,0,0,0,0,0,0,0,19,0,0,0,0,0,0,0,0,0,0,0,0,0,0,0,33,0,0,0,0,0,0,0,0,0,0,0,0,0
134,7,5,1,0,0,5,0,0,0,0,0,19,0,2,0,0,0,0,0,0,0,0,0,0,2,0,0,0,0,1,0,0,0,0,0,0,0,4,0,0,0,2,0,0,0,0,6,0,0,15,0,0,0,0,69,8,0,0,7,11,0,5,0,12,0,1,0,13
135,7,6,0.5,0,0,0,0,0,0,0,0,2,0,0,0,0,0,0,0,0,0,0,0,0,0,0,0,0,2,0,0,0,0,0,0,0,0,0,0,0,0,0,0,0,0,0,0,0,0,0,0,0,0,0,45,0,0,0,0,0,0,0,0,0,0,0,0,0
136,7,6,1,0,0,0,0,0,0,0,0,26,0,0,0,2,0,0,0,0,0,0,0,0,0,0,0,0,0,0,0,0,0,0,0,0,0,0,110,0,0,1,0,0,0,0,0,0,0,0,0,0,0,0,53,0,0,0,0,0,0,8,0,4,0,0,0,0
137,7,7,0.5,0,0,1,0,0,0,0,0,0,0,0,0,0,9,0,0,0,0,0,0,0,0,0,0,0,0,0,0,0,0,0,0,0,0,0,0,0,0,0,0,0,0,0,0,0,0,0,0,0,0,0,16,5,0,0,1,0,0,0,0,1,0,0,0,0
138,7,7,1,0,0,0,0,0,0,0,2,21,0,1,0,0,0,0,3,0,0,0,0,0,0,0,0,0,0,0,1,0,0,0,0,0,0,2,0,0,0,3,0,0,0,0,2,0,0,0,0,0,0,0,71,0,0,3,2,0,0,0,0,1,0,0,0,6
139,7,8,0.5,0,0,0,0,0,0,0,0,0,0,0,0,0,0,0,0,0,0,0,0,0,0,0,0,0,2,0,0,0,0,0,0,0,0,0,33,0,0,0,0,0,0,0,0,0,0,0,0,0,0,0,26,4,0,0,0,0,0,8,0,2,0,0,0,0
140,7,8,1,0,0,1,0,0,0,0,2,21,0,2,0,0,0,0,2,0,0,0,0,0,0,0,0,0,12,0,0,0,1,0,0,0,0,2,2,0,0,10,0,0,0,0,0,0,0,0,0,0,0,0,52,34,0,0,7,0,0,4,0,7,0,1,0,12
141,8,1,0.5,0,0,0,0,0,0,0,0,0,0,0,0,0,0,0,0,0,0,0,0,0,0,0,0,0,60,0,0,0,0,0,0,0,0,0,47,0,0,0,0,0,0,0,0,0,0,0,0,0,0,0,0,0,0,0,0,0,0,0,0,0,0,0,0,0
142,8,1,1,0,0,1,0,0,0,2,0,1,0,0,0,0,0,0,0,0,1,0,0,0,0,0,0,0,300,0,0,0,0,0,0,0,1,0,76,0,0,1,0,2,0,0,0,0,0,0,0,2,0,0,58,0,0,0,0,0,0,21,0,0,0,0,2,0
143,8,1,2,0,0,1,0,3,0,0,80,71,0,0,0,0,0,0,1,0,83,0,0,0,0,0,0,0,720,0,0,0,0,0,0,0,0,1,93,0,0,1,0,0,0,0,0,0,0,0,0,0,0,0,85,0,2,0,1,0,0,34,0,1,0,0,0,0
144,8,2,0.5,0,0,0,0,0,0,0,5,6,0,0,0,0,0,0,1,0,0,0,0,0,0,0,0,0,90,0,0,0,0,0,0,0,0,0,24,0,0,0,0,1,0,0,0,0,0,0,0,0,0,0,0,0,1,0,0,0,0,6,0,2,0,0,0,0
145,8,2,1,0,0,0,0,0,0,0,0,1,0,0,0,0,23,0,0,0,0,0,0,0,0,0,0,0,600,0,0,0,0,0,0,0,0,0,5,0,0,0,0,0,0,0,0,0,0,0,0,0,0,0,48,11,2,0,0,0,0,0,0,0,0,0,0,0
146,8,2,2,0,0,0,0,0,0,0,32,0,0,0,0,0,8,0,0,0,0,0,0,0,0,0,0,5,1680,0,0,0,0,0,0,0,0,0,3,0,0,0,0,0,0,0,0,0,0,3,0,0,0,0,129,7,0,0,0,0,0,10,0,4,0,0,0,0
147,8,3,0.5,0,0,0,0,0,0,0,0,0,0,0,0,0,0,0,0,0,0,0,0,0,0,0,0,0,15,0,0,0,0,0,0,0,0,0,57,0,0,0,0,0,0,0,0,0,0,0,0,0,0,0,0,0,1,0,0,0,0,0,0,0,0,0,0,0
148,8,3,1,0,0,0,0,0,0,0,28,6,0,0,0,0,0,0,0,0,12,0,0,0,0,0,0,0,60,0,0,0,0,0,0,0,0,0,108,0,0,3,0,0,0,0,0,0,0,0,0,0,0,0,72,0,4,0,1,0,0,0,0,0,0,0,0,0
149,8,3,2,0,0,0,0,1,0,0,32,22,0,0,0,0,0,0,0,0,5,0,0,0,0,0,0,0,1440,0,0,0,0,0,0,0,0,0,245,0,0,0,0,0,0,0,0,0,0,0,0,0,0,0,114,0,20,0,0,0,0,18,0,0,0,0,0,0
150,8,4,0.5,0,0,0,0,0,0,0,0,0,0,0,0,0,25,0,0,0,0,0,0,0,0,0,0,0,60,0,0,0,0,0,0,0,0,0,0,0,0,1,0,0,0,0,0,0,0,0,0,0,0,0,0,0,0,0,0,0,0,0,0,4,0,0,0,0
151,8,4,1,0,0,0,0,0,0,0,0,0,0,0,0,1,0,0,0,0,0,0,0,0,0,0,0,0,240,0,0,0,0,0,0,0,0,2,1,0,0,0,0,0,0,0,0,0,0,0,0,0,0,0,54,21,0,0,0,0,0,0,0,0,0,0,0,0
152,8,4,2,0,0,0,0,0,0,0,32,0,0,0,0,0,18,0,0,0,0,0,0,0,0,0,0,0,1440,0,0,0,0,0,0,0,0,0,0,0,0,0,0,0,0,0,0,0,0,12,0,0,0,0,124,0,4,0,0,0,0,8,0,1,0,0,0,0
153,8,5,0.5,0,0,0,0,0,0,0,3,0,0,0,0,0,0,0,0,0,28,0,0,0,0,0,0,0,60,0,0,0,0,0,0,0,0,0,40,0,0,0,0,0,0,0,0,0,0,0,0,0,0,0,27,2,0,0,0,0,0,0,0,0,0,0,0,0
154,8,5,1,0,0,1,0,0,0,0,100,1,0,0,0,0,0,0,0,0,1,0,0,0,0,0,0,0,840,0,0,0,0,0,0,0,0,1,4,2,0,0,0,0,0,0,0,0,0,0,0,0,0,0,0,0,0,0,2,0,0,0,0,0,0,0,0,0
155,8,6,0.5,0,0,0,0,0,0,0,1,0,0,0,0,0,0,0,0,0,13,0,0,0,0,0,0,0,30,0,0,0,0,0,0,0,0,0,47,0,0,0,0,0,0,0,0,0,0,0,0,0,0,0,22,3,0,0,0,0,0,0,0,0,0,0,0,0
156,8,6,1,0,0,0,0,0,0,0,2,0,0,0,0,1,0,0,0,0,0,0,0,0,0,0,0,0,180,0,0,0,0,0,0,0,0,0,1,0,0,0,0,0,0,0,0,0,0,0,0,0,0,0,29,27,0,0,0,0,0,22,0,1,0,0,0,0
157,8,7,0.5,0,0,0,0,0,0,46,0,0,0,0,0,0,33,0,0,0,0,0,0,0,0,0,0,0,0,0,0,0,0,0,0,0,0,0,4,0,0,0,0,1,0,0,0,0,0,0,0,0,0,0,17,9,4,0,0,0,0,0,0,0,0,0,0,0
158,8,7,1,0,0,0,0,0,0,0,28,0,0,0,0,0,0,0,1,0,0,0,0,0,0,0,0,0,600,0,0,0,0,0,0,0,0,3,6,0,0,0,0,0,0,0,0,0,0,0,0,0,0,0,32,2,0,0,0,0,0,6,0,0,0,0,0,0
159,8,8,0.5,0,0,0,0,0,0,0,0,2,0,0,0,0,0,0,0,0,0,0,0,0,0,0,0,0,297,0,0,0,0,0,0,0,0,0,0,0,0,0,0,0,0,0,0,0,0,0,0,0,0,0,0,0,0,0,0,0,0,0,0,0,0,0,0,0
160,8,8,1,0,0,0,0,0,0,0,4,0,0,0,0,0,0,0,0,0,0,0,0,0,0,0,0,0,300,0,0,0,0,0,0,0,1,2,0,0,0,0,0,0,0,0,0,0,0,32,0,0,0,0,42,4,2,0,1,0,0,26,0,2,0,0,0,0
161,9,1,0.5,0,0,0,0,0,0,0,0,0,0,0,0,0,0,0,0,0,0,0,0,0,0,0,0,0,90,0,0,0,0,0,0,0,0,0,0,0,0,0,0,0,0,0,0,0,0,44,0,0,0,0,0,0,0,0,0,0,0,0,0,0,0,0,0,0
162,9,1,1,0,0,0,1,0,0,0,0,0,0,0,0,1,0,0,0,0,0,0,0,0,0,0,0,0,600,0,0,0,0,0,0,0,0,4,5,0,0,5,0,0,0,0,0,0,0,0,0,0,0,0,51,0,0,0,0,0,0,2,0,7,0,0,0,0
163,9,1,2,0,0,0,0,0,0,0,160,0,0,0,0,0,0,0,0,0,0,0,0,0,0,0,0,0,960,0,0,0,0,0,0,1,0,0,145,0,0,0,0,0,0,0,0,0,0,0,0,0,0,0,63,0,0,0,0,0,0,0,0,0,0,0,0,0
164,9,2,0.5,0,0,0,0,0,0,0,0,0,0,0,0,0,0,0,0,0,0,0,0,0,0,2,0,0,285,0,0,0,0,0,0,0,0,0,0,0,0,0,0,0,0,0,0,0,0,0,0,0,0,0,0,0,0,0,0,0,0,0,0,0,0,0,0,0
165,9,2,1,0,0,1,0,0,0,0,0,0,0,0,0,0,0,0,1,0,0,0,0,0,0,0,0,0,240,0,0,0,0,0,0,0,0,0,163,0,0,0,0,0,0,0,0,0,0,0,0,0,0,0,47,0,0,0,0,13,0,3,0,0,0,0,0,0
166,9,2,2,0,0,0,1,0,0,0,0,0,0,0,0,0,1,0,0,0,0,0,0,0,0,0,0,0,1680,0,0,0,0,0,0,0,0,0,0,0,0,0,0,0,0,0,0,0,0,0,0,0,0,0,97,0,0,0,0,0,0,0,0,0,0,0,0,0
167,9,3,0.5,0,0,0,0,0,0,0,0,0,0,0,0,0,0,0,0,0,0,0,0,0,0,0,0,0,15,0,0,0,0,0,0,0,0,0,35,0,0,0,0,0,0,0,0,0,0,0,0,0,0,0,0,25,0,0,0,0,0,25,0,0,0,0,0,0
168,9,3,1,0,0,2,0,0,0,0,0,0,0,1,0,0,0,0,1,0,0,0,0,0,0,0,0,0,264,0,0,0,0,0,0,0,2,0,14,0,0,0,0,0,0,0,0,0,0,0,0,0,0,0,44,0,3,0,0,0,0,24,0,1,0,0,0,0
169,9,3,2,0,0,7,0,0,0,0,0,0,0,0,0,6,0,0,1,0,0,0,0,0,0,0,0,0,480,0,0,9,0,0,0,0,0,0,131,0,0,0,0,0,0,0,0,0,0,1,0,0,0,0,108,11,0,0,0,3,0,2,0,0,0,0,0,0
170,9,4,0.5,0,0,0,0,0,0,0,1,0,0,0,0,0,0,0,2,0,0,0,0,0,0,0,0,0,12,0,0,0,0,0,0,0,0,0,41,0,0,0,0,0,0,0,0,0,0,0,0,0,0,0,13,0,0,0,0,0,0,0,0,0,0,0,0,0
171,9,4,1,0,0,1,0,0,0,0,0,0,0,0,0,4,0,0,0,0,0,0,0,0,2,0,0,0,600,0,0,5,0,0,0,0,0,0,34,3,0,0,0,0,0,0,0,0,0,0,0,0,0,0,34,0,3,0,0,0,0,2,0,2,0,0,0,0
172,9,4,2,0,0,0,0,0,0,0,0,0,0,0,0,0,1,80,0,0,0,0,0,0,0,0,0,0,1200,0,0,0,0,0,0,0,0,0,0,0,0,0,0,0,0,0,0,0,0,0,0,0,0,0,163,6,0,0,0,1,0,0,0,0,0,0,0,0
173,9,5,0.5,0,0,0,0,0,0,0,0,0,0,0,0,0,0,0,0,0,0,0,0,0,0,0,0,0,150,0,0,0,0,0,0,0,0,0,0,0,0,0,0,0,0,0,0,0,0,0,0,0,0,0,13,0,2,0,0,0,0,0,0,0,0,0,0,0
174,9,5,1,0,0,0,0,0,0,0,4,0,0,0,0,0,0,0,0,1,2,0,0,0,0,0,0,0,300,0,0,0,0,0,0,0,0,0,3,1,0,2,0,0,0,0,0,0,0,0,0,0,0,0,36,6,0,0,0,0,0,0,0,0,0,0,0,0
175,9,6,0.5,0,0,0,0,0,0,0,60,0,0,0,0,0,0,0,0,0,0,0,0,0,0,0,0,0,60,0,0,0,0,0,0,0,0,0,0,0,0,0,0,0,0,0,0,0,0,0,0,0,0,0,9,0,0,0,0,0,0,0,0,1,0,0,0,0
176,9,6,1,0,0,0,0,0,0,0,0,2,0,0,0,4,0,0,0,0,0,0,0,0,0,0,0,2,240,0,0,0,0,0,0,0,0,0,2,0,0,0,0,0,0,0,0,0,0,0,0,0,0,0,55,3,0,0,1,0,0,0,0,0,0,0,0,0
177,9,7,0.5,0,0,0,0,0,0,0,0,0,0,0,0,0,0,0,0,0,0,0,0,0,0,0,0,0,75,0,0,0,0,0,0,0,0,0,0,0,0,0,0,0,0,0,0,0,0,11,0,0,0,0,22,1,0,0,0,0,0,0,0,0,0,0,0,0
178,9,7,1,0,0,0,0,0,0,0,0,0,0,0,0,1,0,0,0,0,0,0,0,0,0,0,0,0,36,0,0,0,0,0,0,0,0,0,4,0,0,0,0,0,0,0,0,0,0,0,0,0,0,0,71,13,0,0,0,0,0,0,0,0,0,0,0,0
179,9,8,0.5,0,0,0,0,0,0,0,65,0,0,0,0,0,0,0,0,0,0,0,0,0,0,0,0,0,45,0,0,0,0,0,0,0,0,0,0,0,0,0,0,0,0,0,0,0,0,0,0,0,0,0,16,1,11,0,0,0,0,0,0,0,0,0,0,0
180,9,8,1,0,0,0,0,0,0,0,8,0,0,0,0,0,0,0,1,0,0,0,0,0,0,0,0,0,60,0,0,0,0,0,0,0,0,0,60,0,0,0,0,0,0,0,0,0,0,0,0,0,0,0,74,0,0,0,0,0,0,3,0,0,0,0,0,0
181,10,1,0.5,0,0,0,0,0,0,0,0,0,0,0,0,0,0,0,0,0,0,0,0,0,0,0,0,0,75,0,0,0,0,0,0,0,0,0,0,0,0,0,0,0,0,0,0,0,0,0,0,0,0,0,34,0,0,0,0,0,0,0,0,0,0,0,0,0
182,10,1,1,0,0,2,0,0,0,1,20,0,0,0,0,2,0,0,0,0,0,0,0,0,0,0,0,0,180,0,0,0,0,0,0,0,0,0,93,0,0,0,0,0,0,0,0,0,0,0,1,0,0,0,13,0,0,0,0,0,0,21,0,0,0,1,0,0
183,10,1,2,0,0,0,0,0,0,0,80,0,0,0,0,3,0,0,0,0,19,0,0,0,2,0,0,0,1200,0,0,0,0,0,0,4,0,1,92,0,0,0,0,0,0,0,0,0,0,0,0,0,0,0,19,32,2,0,0,3,0,8,0,1,0,0,0,0
184,10,2,0.5,0,0,0,0,0,0,0,1,0,0,0,0,0,0,0,0,0,24,0,0,0,0,0,0,0,90,0,0,0,0,0,0,0,0,0,30,0,0,0,0,0,0,0,0,0,0,0,0,0,0,0,26,0,0,0,0,0,0,0,0,0,0,0,0,0
185,10,2,1,0,0,0,0,0,1,0,40,0,0,0,0,0,0,0,0,0,0,0,0,0,0,0,0,0,240,0,0,0,0,0,0,2,0,0,37,1,0,0,0,0,0,0,0,0,0,0,0,0,0,0,28,0,0,0,0,0,0,0,0,0,0,0,0,0
186,10,2,2,0,0,0,0,0,0,0,160,0,0,0,0,0,0,0,0,0,0,0,0,0,0,0,0,0,1680,0,0,0,0,0,0,4,0,0,3,0,0,0,0,0,0,0,0,0,0,24,0,0,0,0,26,22,0,0,0,0,0,0,0,0,0,0,0,0
187,10,3,0.5,0,0,0,0,0,0,0,2,0,0,0,0,0,0,0,2,0,0,0,0,0,0,0,0,0,120,0,0,0,0,0,0,3,0,0,0,0,0,0,0,0,0,0,0,0,0,0,0,0,0,0,14,7,3,0,0,0,0,0,0,0,0,0,0,0
188,10,3,1,0,0,0,0,0,0,0,20,0,0,0,0,0,0,0,0,0,2,0,0,0,0,0,0,0,360,0,0,0,0,0,0,0,0,0,5,0,0,0,0,0,0,0,0,0,0,0,0,0,0,0,28,7,0,0,2,0,0,0,0,0,0,0,0,0
189,10,3,2,0,0,0,0,0,0,0,240,0,0,0,0,1,0,0,0,0,26,0,0,0,0,0,0,0,480,0,0,0,0,0,0,0,0,0,97,0,0,0,0,0,0,0,0,0,0,0,0,0,0,0,35,41,0,0,0,0,0,1,0,0,0,0,0,0
190,10,4,0.5,0,0,0,0,0,0,0,30,0,0,0,0,0,0,0,0,0,0,0,0,0,0,0,0,0,75,0,0,0,0,0,0,1,0,0,0,0,0,0,0,0,0,0,0,0,0,0,0,0,0,0,0,0,0,0,0,0,0,0,0,0,0,0,0,0
191,10,4,1,0,0,0,0,0,0,0,40,0,0,0,0,0,0,0,11,0,0,0,0,0,0,0,0,0,720,0,0,0,0,0,0,0,0,0,16,1,1,1,0,0,0,0,0,0,0,13,0,0,0,0,7,8,0,2,0,0,0,0,0,0,0,0,0,0
192,10,4,2,0,0,0,0,0,0,0,16,0,0,0,0,0,4,0,1,0,0,0,0,0,0,0,0,0,1680,0,0,0,0,0,0,4,0,0,0,0,0,0,0,0,0,0,0,0,0,14,0,0,0,0,7,44,9,0,0,0,0,0,0,0,0,0,0,0
193,10,5,0.5,0,0,0,0,0,0,0,10,0,0,0,0,0,0,0,0,0,0,0,0,0,0,0,0,0,120,0,0,0,0,0,0,1,0,0,0,0,0,0,0,0,0,0,0,0,0,0,0,0,0,0,0,0,0,0,0,0,0,0,0,0,0,1,0,0
194,10,5,1,0,0,0,7,0,0,0,40,0,0,0,0,4,1,0,3,0,2,0,0,0,0,0,0,0,240,0,0,0,0,0,0,0,0,5,1,0,0,0,0,0,0,0,0,0,0,0,0,0,0,0,6,9,10,0,0,0,0,0,0,1,0,0,0,0
195,10,6,0.5,0,0,0,0,0,0,0,3,0,0,0,0,0,0,0,2,0,0,0,0,0,0,0,0,0,9,0,0,0,0,0,0,3,0,0,0,0,0,0,0,0,0,0,0,0,0,0,0,0,0,0,0,0,33,0,9,0,0,0,0,0,0,0,0,2
196,10,6,1,0,0,0,0,0,0,0,40,1,0,0,0,0,0,0,0,0,0,0,0,0,0,0,0,0,240,0,0,0,0,0,0,0,0,0,45,0,0,1,40,0,0,0,0,0,0,0,0,0,0,0,22,2,1,0,0,0,0,16,0,0,0,0,4,0
197,10,7,0.5,0,0,0,0,0,0,0,7,0,0,0,0,0,0,0,0,0,0,1,0,0,0,0,0,0,45,0,0,0,0,0,0,5,0,0,1,0,0,0,0,0,0,0,0,0,0,0,0,0,0,0,24,0,0,0,0,0,0,0,0,0,0,0,0,0
198,10,7,1,0,0,0,0,0,0,0,12,0,0,0,0,0,0,0,1,0,4,0,0,0,0,0,0,0,240,0,0,0,0,0,0,0,0,0,0,0,0,0,40,0,0,0,0,0,0,0,0,0,0,0,30,13,0,0,0,0,0,0,0,1,0,0,0,0
199,10,8,0.5,0,0,0,0,0,0,0,10,1,0,0,0,0,0,0,2,0,0,0,0,0,0,0,0,0,45,0,0,0,0,0,0,1,0,0,0,0,0,0,0,0,0,0,0,0,0,0,5,0,0,0,0,0,0,0,0,0,0,0,0,0,0,0,0,0
200,10,8,1,0,0,0,0,0,0,0,20,0,0,0,0,0,0,0,1,0,0,0,0,0,3,0,0,0,240,0,0,0,0,0,0,0,0,0,85,0,0,0,80,0,0,0,0,0,0,0,0,0,0,0,16,13,2,0,0,0,0,1,0,0,0,0,0,0
201,11,1,0.5,0,0,0,0,0,0,0,0,5,0,0,0,0,0,0,3,0,0,0,0,0,0,0,0,0,15,0,0,0,0,0,0,0,0,0,16,0,0,0,0,0,0,0,0,0,0,0,0,0,0,0,18,3,0,0,0,0,0,0,0,0,0,0,0,0
202,11,1,1,0,0,3,0,0,0,0,0,33,0,0,0,0,2,0,2,0,0,0,0,0,0,0,0,0,300,0,0,0,0,0,0,0,0,0,7,3,0,1,0,0,0,0,0,0,0,0,0,0,0,0,33,0,0,0,0,0,0,0,0,0,0,0,0,0
203,11,1,2,0,0,0,0,0,0,0,16,169,0,0,0,0,10,0,2,0,0,0,0,0,0,0,0,0,1680,0,0,0,0,0,0,0,0,1,13,0,0,0,0,0,0,0,0,0,0,43,0,0,0,0,81,0,0,0,0,0,0,2,0,0,0,0,0,0
204,11,2,0.5,0,0,0,0,0,0,0,0,6,0,0,0,0,0,0,5,0,0,0,0,0,0,0,0,0,9,0,0,0,0,0,0,0,0,3,77,0,0,0,0,0,0,0,0,0,0,0,0,0,0,0,10,0,13,0,0,0,0,0,0,0,0,0,0,5
205,11,2,1,0,0,0,0,0,0,0,0,21,0,0,0,0,0,0,0,0,5,0,0,0,0,0,0,0,240,0,0,0,0,0,0,0,0,1,85,0,0,0,0,0,0,0,0,0,0,0,0,0,0,0,18,12,5,0,0,0,0,1,0,0,0,0,0,0
206,11,2,2,0,0,0,0,0,0,0,8,17,0,0,0,0,4,0,0,0,0,0,0,0,0,0,0,0,1680,0,0,3,0,0,0,0,0,0,2,0,0,0,0,0,0,0,0,0,0,11,0,0,0,0,62,0,0,0,0,0,0,0,0,0,0,0,0,0
207,11,3,0.5,0,0,0,0,0,0,0,0,10,0,0,0,0,3,0,3,0,0,0,0,0,0,0,0,0,30,0,0,0,0,0,0,0,0,1,0,0,0,0,0,0,0,0,0,0,0,0,0,0,0,0,6,0,0,0,0,0,0,0,0,0,0,0,0,0
208,11,3,1,0,0,2,0,0,0,0,0,17,0,0,0,2,0,0,2,0,1,0,0,0,0,0,0,0,240,0,0,0,0,0,0,0,0,0,7,0,0,0,0,0,0,0,0,0,0,0,0,0,0,0,57,0,0,0,0,0,0,1,0,0,0,0,0,0
209,11,3,2,0,0,0,0,0,0,0,32,97,0,0,0,0,0,0,2,0,0,0,0,0,0,0,0,0,1200,0,0,0,0,0,0,0,0,0,115,0,0,0,0,0,0,0,0,0,0,0,0,0,0,0,51,34,4,0,0,0,0,7,0,0,0,0,0,0
210,11,4,0.5,0,1,1,0,0,0,0,0,2,0,0,0,0,1,0,5,0,0,0,0,0,0,0,0,0,60,0,0,6,0,0,0,0,0,0,1,0,0,0,0,0,0,0,0,0,0,2,0,0,0,0,23,0,0,0,2,0,0,0,0,0,0,0,0,0
211,11,4,1,0,0,1,1,0,0,3,8,50,0,0,0,0,0,0,0,0,0,0,0,0,0,0,0,0,720,0,0,0,0,0,0,0,0,0,10,0,0,0,0,0,0,0,0,0,0,0,0,0,0,0,14,21,0,0,0,0,0,11,0,0,0,0,1,0
212,11,4,2,0,0,0,0,0,0,0,8,7,0,0,0,0,0,0,0,0,0,0,0,0,0,0,0,2,1200,0,0,0,0,0,0,0,0,0,68,0,0,0,0,0,0,0,0,0,0,0,0,0,0,0,78,4,13,0,0,0,0,2,0,0,0,0,0,0
213,11,5,0.5,0,0,0,2,0,0,0,10,0,0,0,0,0,0,0,3,0,0,2,0,0,0,0,0,0,30,0,0,3,0,0,0,0,0,0,1,0,0,0,0,0,0,0,0,0,0,2,0,0,0,0,1,0,0,0,0,0,0,0,0,0,0,0,0,0
214,11,5,1,0,0,1,0,4,0,0,0,9,0,0,0,0,1,0,5,0,0,0,0,0,0,0,0,0,120,0,0,1,0,0,0,0,0,2,109,0,0,0,0,0,0,0,0,0,0,0,0,0,0,0,45,4,0,0,3,0,0,11,0,0,0,0,0,0
215,11,6,0.5,0,0,1,0,0,0,0,0,0,0,0,0,0,0,0,1,0,0,0,0,0,0,0,0,0,60,0,0,0,0,0,0,0,0,0,0,0,0,0,0,0,0,0,0,0,0,56,0,0,0,0,1,0,0,0,0,0,0,0,0,0,0,0,0,0
216,11,6,1,0,0,2,0,0,0,0,0,35,0,0,0,1,0,0,6,0,1,0,0,0,0,0,0,0,240,0,0,0,0,0,0,0,0,0,8,0,0,0,0,0,0,0,0,0,0,0,0,0,0,0,71,0,0,0,0,2,0,0,0,0,0,0,0,0
217,11,7,0.5,0,0,0,0,0,0,0,0,1,0,0,0,0,0,0,2,0,0,0,0,0,0,0,0,0,45,0,0,0,0,0,0,0,0,0,0,0,0,0,0,0,0,0,0,0,0,0,0,0,0,0,7,6,0,0,0,0,0,0,0,0,0,0,0,0
218,11,7,1,0,0,0,0,0,0,0,80,20,0,0,0,0,0,0,1,0,0,0,0,0,0,0,0,0,360,0,0,0,0,0,0,10,0,0,3,0,0,0,0,0,0,0,0,0,0,0,0,0,0,0,16,25,0,0,0,0,0,6,0,0,0,0,0,0
219,11,8,0.5,0,0,1,0,0,0,0,2,0,0,0,0,0,0,0,2,0,0,0,0,0,0,0,0,0,45,0,0,0,0,0,0,0,0,0,0,0,0,0,0,0,0,0,0,0,0,0,0,0,0,0,13,0,0,0,0,0,0,0,0,0,0,0,0,0
220,11,8,1,0,0,4,1,0,0,0,8,7,0,0,0,3,0,0,3,0,5,0,0,0,0,0,0,0,120,0,0,0,0,0,0,1,0,0,1,1,0,0,0,0,0,0,0,0,0,1,0,0,0,0,46,0,0,0,0,0,0,1,0,0,0,0,0,0
221,12,1,0.5,0,0,0,0,0,0,0,15,0,0,0,0,0,0,0,0,0,0,0,0,0,0,0,0,0,15,0,0,0,0,0,0,0,0,0,0,0,0,0,0,0,0,0,0,0,0,0,0,0,0,0,26,0,0,0,0,0,0,6,0,0,0,0,0,0
222,12,1,1,0,0,4,1,1,0,0,4,0,0,0,0,0,0,0,15,0,1,34,0,0,1,0,0,0,36,0,0,5,0,0,0,7,0,7,25,3,0,1,16,0,0,1,0,0,0,39,0,0,0,0,41,0,1,0,0,7,0,12,0,2,1,0,0,1
223,12,1,2,0,0,0,0,0,0,5,320,5,0,0,0,0,0,0,38,0,53,1,0,18,0,0,0,14,240,0,1,22,0,0,35,1,0,207,166,0,0,8,0,0,0,1,0,0,0,0,0,0,0,0,93,0,2,1,26,0,0,17,0,1,0,2,1,0
224,12,2,0.5,0,0,0,0,0,0,0,0,0,0,0,0,0,0,0,1,0,0,0,0,0,0,0,0,0,3,0,0,0,0,0,0,1,0,0,2,0,0,1,0,0,0,0,0,0,0,16,0,0,0,0,31,3,0,0,0,0,0,0,0,0,0,0,0,0
225,12,2,1,0,0,0,0,0,0,0,2,0,0,0,0,0,1,0,6,0,0,0,0,0,0,0,0,0,120,0,0,0,0,0,0,2,0,0,2,0,0,0,40,0,0,0,0,0,0,0,0,0,0,0,46,0,1,0,0,0,0,10,0,0,0,0,0,0
226,12,2,2,0,0,0,0,1,0,0,32,0,0,1,0,0,5,0,15,0,0,0,0,0,0,0,0,13,1440,0,0,24,0,0,0,7,0,1,6,0,0,0,0,0,0,0,0,0,0,15,0,0,0,0,111,0,3,0,0,7,0,12,0,2,0,2,3,5
227,12,3,0.5,0,0,0,0,0,0,0,1,0,0,0,0,0,9,0,2,0,0,0,0,0,0,0,0,0,150,0,0,0,0,0,0,0,0,0,1,0,0,0,0,0,0,0,0,0,0,0,0,0,0,0,7,0,0,0,0,0,0,0,0,0,0,0,0,0
228,12,3,1,0,0,15,6,0,0,0,260,0,0,0,0,0,0,0,12,0,2,1,0,0,4,0,0,0,60,0,0,0,0,0,0,0,0,28,9,0,1,2,0,0,0,0,0,0,0,1,5,0,0,0,12,13,0,3,34,2,0,8,0,2,0,0,0,10
229,12,3,2,0,0,1,0,0,0,0,80,24,0,0,0,1,0,0,40,0,10,0,0,0,0,0,0,1,1680,0,37,8,0,0,0,0,0,16,212,0,0,0,0,0,0,2,1,0,0,4,34,0,0,0,63,8,0,0,15,0,0,48,0,4,0,0,2,0
230,12,4,0.5,0,0,0,0,0,0,0,0,0,0,0,0,0,0,0,2,0,0,0,0,0,0,0,0,0,30,0,0,0,0,0,0,0,0,0,67,0,0,0,0,0,0,0,0,0,0,0,0,0,0,0,11,0,0,0,0,0,0,10,0,0,0,1,0,0
231,12,4,1,0,0,0,0,0,0,10,0,0,0,0,0,0,0,0,17,0,0,1,40,0,3,0,0,0,60,0,0,0,1,0,0,0,0,5,107,0,0,0,0,0,0,0,0,0,0,1,0,0,0,25,31,0,0,0,0,1,0,3,0,1,0,0,3,1
232,12,4,2,0,0,0,0,0,0,0,8,0,0,0,0,0,16,0,0,0,0,0,0,0,0,0,0,0,1200,0,0,0,0,0,0,0,0,0,2,0,0,0,0,0,0,0,0,0,0,4,0,0,0,0,83,3,4,0,0,0,0,17,0,1,0,0,0,1
233,12,5,0.5,0,0,0,0,0,0,0,0,0,0,0,0,0,27,0,0,0,0,0,0,0,0,0,0,0,45,0,0,0,0,0,0,0,0,0,0,0,0,0,0,0,0,0,0,0,0,17,0,0,0,0,0,0,0,0,0,0,0,0,0,0,0,0,0,0
234,12,5,1,0,0,2,0,0,1,0,0,0,0,1,0,1,0,0,21,0,21,2,0,0,0,0,0,0,120,0,2,0,0,0,0,4,1,3,6,0,0,2,0,0,0,1,0,0,0,9,8,0,0,0,37,0,0,0,1,0,0,1,0,0,0,0,0,1
235,12,6,0.5,0,0,0,0,0,0,0,0,0,0,0,0,0,0,0,1,0,0,0,0,0,0,0,0,0,30,0,0,0,0,0,0,0,0,0,0,0,0,0,0,0,0,0,0,0,0,31,0,0,0,0,16,2,0,0,0,0,0,1,0,1,0,0,0,0
236,12,6,1,0,0,1,0,0,0,0,0,0,0,0,0,0,0,0,9,0,0,0,0,0,0,0,0,0,240,0,0,0,0,0,0,4,0,1,1,0,0,0,0,0,0,0,0,0,0,0,0,0,0,0,41,6,0,0,0,0,0,7,0,0,0,0,0,0
237,12,7,0.5,0,0,0,0,0,0,0,1,0,0,0,0,0,0,0,0,0,0,0,0,0,0,0,0,0,75,0,0,0,0,0,0,0,0,0,0,0,0,0,0,0,0,0,0,0,0,0,0,0,0,0,17,1,0,0,0,0,0,16,0,0,0,0,0,0
238,12,7,1,0,0,2,0,0,0,0,20,0,0,0,1,0,0,0,14,0,49,1,0,0,1,0,0,0,60,0,9,1,0,0,0,22,0,1,9,0,0,0,0,0,0,0,0,0,0,0,1,0,0,0,43,5,0,0,7,0,0,8,0,0,0,2,0,0
239,12,8,0.5,0,0,0,0,0,0,0,30,0,0,0,0,0,0,0,2,0,0,0,0,0,0,0,0,0,15,0,0,0,0,0,0,0,0,0,39,0,0,0,0,0,0,0,0,0,0,0,0,0,0,0,0,0,4,0,0,8,0,3,0,0,0,0,0,0
240,12,8,1,0,0,0,0,0,0,0,4,0,0,0,0,0,0,0,4,0,0,0,0,0,0,0,0,0,120,0,0,0,0,0,0,1,0,0,80,0,0,0,0,0,0,0,0,0,0,0,0,0,0,0,46,0,6,0,0,0,0,5,0,0,0,0,0,0
241,13,1,0.5,0,0,0,0,0,0,0,1,0,0,0,0,0,0,0,2,0,0,0,0,0,0,0,0,0,120,0,0,0,0,0,0,0,0,0,63,0,0,0,0,0,0,0,0,0,0,0,0,0,0,0,0,0,0,0,0,0,0,0,0,0,0,0,0,0
242,13,1,1,0,0,0,0,0,0,0,0,0,0,0,0,0,1,0,5,0,0,0,0,0,0,0,0,0,60,0,4,0,0,0,0,2,0,3,10,0,0,0,8,0,0,0,0,0,0,40,2,0,0,0,46,0,0,0,0,0,0,2,0,0,0,0,0,0
243,13,1,2,0,0,3,0,0,0,0,80,0,0,0,0,0,2,0,23,0,0,0,0,0,1,0,0,2,720,0,0,0,0,0,0,2,0,2,64,0,0,10,0,0,0,2,0,0,0,42,1,0,0,0,71,0,0,0,1,0,0,13,0,1,0,1,0,0
244,13,2,0.5,0,0,0,0,0,0,0,0,0,0,0,0,0,1,0,7,0,0,0,0,0,0,0,0,0,15,0,0,0,0,0,0,0,0,0,14,0,0,0,0,0,0,0,0,0,0,0,0,0,0,0,8,0,9,0,0,0,0,0,0,0,0,1,0,0
245,13,2,1,0,0,0,1,0,0,0,0,0,0,0,0,0,10,0,9,0,1,0,0,0,0,0,0,0,120,0,1,0,0,0,0,0,0,0,1,1,0,0,0,0,0,0,0,0,0,133,0,0,0,0,6,0,0,0,0,0,0,0,0,0,0,0,1,0
246,13,2,2,0,0,0,0,0,0,0,80,0,0,0,0,0,0,0,5,0,0,0,0,0,0,0,0,0,1440,0,0,0,0,0,0,2,0,0,80,0,0,0,0,0,0,0,0,0,0,6,9,0,0,0,88,0,2,0,0,0,0,7,0,1,0,4,4,0
247,13,3,0.5,0,0,0,0,0,0,0,10,0,0,0,0,0,0,0,4,0,0,0,0,0,0,0,0,0,120,0,0,0,0,0,0,0,0,0,29,0,0,0,0,0,0,0,0,1,0,0,0,0,0,0,6,0,0,0,0,0,0,3,0,0,0,0,0,0
248,13,3,1,0,0,0,0,0,0,0,20,3,0,0,0,8,0,0,5,0,0,0,0,0,0,0,0,0,360,0,9,0,0,0,0,2,0,2,27,1,0,0,0,0,0,0,0,0,0,12,14,0,0,0,16,0,0,0,0,0,0,5,0,0,0,0,0,0
249,13,3,2,0,0,0,0,0,0,2,160,0,0,0,0,0,0,0,9,0,5,0,0,0,0,0,0,0,960,0,0,0,0,0,0,2,0,0,136,0,0,0,16,0,0,0,0,1,0,0,8,0,0,0,45,0,3,0,3,0,0,18,0,1,0,0,2,0
250,13,4,0.5,0,0,0,0,0,0,0,2,0,0,0,0,0,0,0,3,0,0,0,0,0,0,0,0,0,6,0,0,0,0,0,0,0,0,0,0,0,0,0,0,0,0,0,0,0,0,44,0,0,0,0,1,0,0,0,0,0,0,0,0,0,0,0,0,0
251,13,4,1,0,0,5,0,1,0,0,8,0,0,0,0,3,0,0,21,0,0,0,0,0,0,0,0,0,120,0,7,0,0,0,0,1,0,2,45,3,0,0,0,0,0,0,0,0,0,9,5,0,0,0,53,0,2,0,0,0,0,0,0,1,0,3,2,0
252,13,4,2,0,0,0,0,0,0,0,80,0,0,0,0,0,1,0,13,0,0,0,0,0,0,0,0,0,1680,0,0,5,0,0,0,0,0,0,27,0,0,0,0,0,0,0,0,0,0,31,4,0,0,0,62,0,1,0,0,0,0,2,0,1,0,0,2,0
253,13,5,0.5,0,0,0,0,0,0,0,2,0,0,0,0,0,0,0,0,0,0,0,0,0,0,0,0,0,15,0,0,0,0,0,0,0,0,0,3,0,0,0,0,0,0,0,0,0,0,51,0,0,0,0,9,1,0,0,0,0,0,0,0,0,0,0,0,3
254,13,5,1,0,0,0,0,0,0,0,0,0,0,0,0,0,43,0,5,1,1,0,0,0,0,0,0,0,120,0,3,0,0,0,0,0,0,0,15,0,0,0,0,0,0,0,0,0,0,37,0,0,0,0,24,0,0,0,0,0,0,15,0,0,0,0,0,0
255,13,6,0.5,0,0,0,0,0,0,0,25,0,0,0,0,1,0,0,3,0,0,0,0,0,0,0,0,0,15,0,2,0,0,0,0,0,0,0,24,0,0,0,0,0,0,0,0,0,1,0,0,0,0,0,45,0,4,0,0,0,0,0,0,0,0,1,0,0
256,13,6,1,0,0,2,0,0,0,0,20,0,1,0,0,6,0,0,8,1,0,0,0,0,0,0,0,2,180,0,1,0,0,0,0,0,0,2,11,0,0,0,200,0,0,0,0,0,0,60,21,0,0,0,19,0,2,0,0,0,0,1,0,1,0,0,0,1
257,13,7,0.5,0,0,0,0,0,0,0,5,0,0,0,0,0,2,0,5,0,0,0,0,0,0,0,0,0,30,0,0,0,0,0,0,0,0,5,2,0,0,0,0,0,0,0,0,0,0,2,0,0,0,0,8,2,18,0,0,0,0,0,0,1,0,0,0,1
258,13,7,1,0,0,0,0,7,0,1,40,0,0,0,0,0,1,0,13,0,7,0,0,0,0,0,0,0,84,0,7,0,0,0,0,0,0,10,158,0,0,24,0,0,0,0,0,0,0,4,0,0,0,0,19,0,7,0,0,0,0,23,0,0,0,1,0,0
259,13,8,0.5,0,0,0,0,0,0,0,15,0,0,0,0,0,0,0,2,0,0,0,0,0,0,0,0,0,150,0,0,0,0,0,0,0,0,0,28,10,0,0,0,0,0,0,0,0,0,0,0,0,0,0,1,0,0,0,0,0,0,0,0,0,0,0,0,0
260,13,8,1,0,0,1,1,0,0,0,4,0,0,0,0,0,1,0,3,0,0,0,0,0,0,0,0,0,120,0,1,0,0,0,0,1,0,0,10,1,0,0,0,0,0,0,0,0,0,0,0,0,0,0,59,0,0,0,1,0,0,30,0,0,0,0,0,0
261,14,1,0.5,0,0,0,0,0,0,0,50,0,0,0,0,0,0,0,2,0,0,0,0,0,0,0,0,0,2,0,0,0,0,0,0,0,0,0,27,0,0,0,0,0,0,0,0,0,0,0,0,0,0,0,0,0,0,0,0,0,0,0,0,0,0,0,0,1
262,14,1,1,0,0,1,0,0,0,0,20,0,0,0,0,0,0,0,0,0,0,0,0,0,0,0,0,0,120,0,0,0,0,0,0,0,0,3,62,0,0,0,0,0,0,0,0,1,0,0,1,11,2,0,13,0,0,0,0,0,0,9,0,0,0,0,0,0
263,14,1,2,0,0,0,0,0,0,0,48,0,0,0,0,0,50,0,0,0,2,0,0,0,0,0,0,2,384,0,0,0,0,0,0,8,0,0,0,0,0,4,0,0,0,0,0,0,0,3,0,0,0,0,83,14,0,0,0,0,0,8,0,2,0,0,0,0
264,14,2,0.5,0,0,0,0,0,0,0,25,0,0,0,0,0,0,0,0,0,0,0,0,0,0,0,0,0,45,0,0,0,0,0,0,0,0,0,0,0,0,0,0,0,0,0,0,0,0,0,0,0,0,0,6,2,0,0,0,0,0,0,0,0,0,0,0,0
265,14,2,1,0,0,1,12,1,0,1,20,0,0,3,0,0,0,0,2,1,0,0,40,0,0,0,0,0,180,0,0,0,0,0,0,0,0,0,12,0,0,0,0,0,0,0,0,0,0,0,0,10,1,1,5,0,0,0,0,0,0,0,0,1,0,0,0,0
266,14,2,2,0,0,0,0,0,0,0,240,0,0,0,0,0,0,0,0,0,0,0,0,0,0,0,0,0,1680,0,0,0,0,0,0,0,0,0,58,0,0,0,0,0,0,0,0,2,0,0,0,0,0,0,24,0,0,0,0,0,0,5,0,0,0,0,0,0
267,14,3,0.5,0,0,0,0,0,0,0,30,0,0,0,0,0,0,0,0,0,0,0,0,0,0,0,0,0,90,0,0,0,0,0,0,0,0,0,0,0,0,0,0,0,0,0,0,0,0,0,0,0,0,0,1,0,0,0,0,0,0,0,0,0,0,0,0,0
268,14,3,1,0,0,0,0,3,0,0,0,1,0,0,0,0,0,0,0,1,3,0,0,0,0,0,0,0,60,0,0,0,0,0,0,0,0,0,64,0,0,0,0,0,0,0,0,0,0,0,0,4,0,0,43,0,0,0,0,0,0,14,0,1,0,0,0,0
269,14,3,2,0,0,1,0,0,0,0,160,0,0,0,0,0,35,0,0,0,2,0,0,0,0,0,0,0,960,0,0,0,0,0,0,28,0,1,5,0,0,0,0,0,0,0,0,0,0,72,0,0,0,0,82,0,0,0,0,0,0,9,0,4,0,0,0,1
270,14,4,0.5,0,0,0,0,0,0,0,90,0,0,0,0,0,0,0,0,0,0,0,0,0,0,0,0,0,15,0,0,0,0,0,0,0,0,0,0,0,0,0,0,0,0,0,0,0,0,0,0,0,0,0,0,0,0,0,0,0,0,0,0,0,0,0,0,0
271,14,4,1,0,0,0,0,0,0,0,240,0,0,0,0,0,0,0,0,0,0,0,0,0,0,0,0,0,84,0,0,0,0,0,0,2,0,0,8,0,0,0,360,0,0,0,0,0,0,0,0,0,1,0,0,0,0,0,0,4,0,0,0,0,0,0,0,0
272,14,4,2,0,0,0,0,0,0,0,160,0,0,0,0,0,0,0,11,0,3,0,0,0,0,0,0,0,720,0,2,6,0,0,0,2,0,2,69,0,0,0,0,0,0,0,0,0,0,2,1,0,0,0,33,0,2,0,0,2,0,17,0,0,0,0,0,0
273,14,5,0.5,0,0,1,0,0,0,0,0,0,0,0,0,0,0,0,1,0,0,0,0,0,0,0,0,0,30,0,0,0,0,0,0,0,0,0,12,0,0,0,0,0,0,0,0,0,0,0,0,0,0,0,5,0,0,0,0,0,0,0,0,0,0,0,0,0
274,14,5,1,0,0,0,0,1,0,0,4,0,0,0,0,0,0,0,0,0,3,0,0,0,0,0,0,0,120,0,0,0,0,0,0,0,0,1,45,0,0,0,0,0,0,0,0,0,0,0,0,0,0,0,18,0,0,0,0,0,0,16,0,0,0,0,0,0
275,14,6,0.5,0,0,0,0,0,0,0,0,0,0,0,0,0,0,0,3,0,0,0,0,0,0,0,0,0,45,0,0,0,0,0,0,0,0,0,2,0,0,0,0,0,0,0,0,0,0,0,0,0,0,0,0,0,0,0,0,0,0,30,0,0,0,0,0,0
276,14,6,1,0,0,0,1,0,0,0,380,0,0,0,0,0,0,0,0,0,0,0,0,0,0,0,0,0,12,0,0,0,0,0,0,0,0,0,1,0,0,0,0,0,0,0,0,0,0,0,0,0,0,0,7,0,0,0,0,0,0,0,0,0,0,0,0,0
277,14,7,0.5,0,0,0,15,0,0,0,25,0,0,0,0,0,0,0,0,0,0,0,0,0,0,0,0,0,90,0,0,0,0,0,0,0,0,0,1,0,0,0,130,0,0,0,0,0,0,0,0,0,0,0,0,0,0,0,0,0,0,13,0,1,0,0,0,0
278,14,7,1,0,0,0,0,0,0,0,2,0,0,0,0,0,32,0,0,0,0,0,0,0,0,0,0,0,120,0,0,0,0,0,0,0,0,0,6,0,0,0,0,0,0,0,0,0,0,11,0,0,0,0,45,0,12,0,0,0,0,0,0,0,0,0,0,0
279,14,8,0.5,0,0,0,0,0,0,0,7,0,0,0,0,0,0,0,1,0,0,0,0,0,0,0,0,0,45,0,0,0,0,0,0,0,0,0,3,0,0,0,0,0,0,0,0,0,0,0,0,0,0,0,4,2,0,0,0,0,0,20,0,0,0,0,0,0
280,14,8,1,0,0,0,0,0,0,0,8,0,0,0,0,0,0,0,1,0,0,0,0,0,0,0,0,0,420,0,0,1,0,0,0,0,0,0,109,0,0,0,0,0,0,0,0,0,0,0,0,0,0,0,11,4,0,0,0,0,0,58,0,0,0,0,0,0
